,,,,,,,,,,,,,,,,,
NAME,REST_NAME,CALORIES,CATEGORY,PRICE,ALLERGEN 1,ALLERGEN 2,ALLERGEN 3,ALLERGEN 4,ALLERGEN 5,ALLERGEN 6,ALLERGEN 7,ALLERGEN 8,ALLERGEN 9,ALLERGEN 10,SIMPLE NAME 1,SIMPLE NAME 2,SIMPLE NAME 3
APPLE RED DELICIOUS FANCY 125CT,SDH,75,DINING HALL,,,,,,,,,,,,FRUIT,APPLE,APPLE
JAPANESE UDON NOODLES,SDH,171,DINING HALL,,MILK,SOY,WHEAT,,,,,,,,NOODLES,ASIAN,ASIAN
CHICKEN POPPERS WITH GENERAL TSO'S SAUCE,SDH,197,DINING HALL,,SOY,WHEAT,,,,,,,,,CHICKEN,ASIAN,MEAT
ORANGE BEEF,SDH,249,DINING HALL,,SOY,WHEAT,,,,,,,,,MEAT,ASIAN,ASIAN
KOREAN GUCHUL PAN CHICKEN,SDH,83,DINING HALL,,SOY,,,,,,,,,,CHICKEN,ASIAN,ASIAN
LO MEIN,SDH,355,DINING HALL,,WHEAT,,,,,,,,,,NOODLES,ASIAN,ASIAN
VEGAN BENEDICT WITH AVOCADO,SDH,266,DINING HALL,,SOY,TREE NUTS,WHEAT,,,,,,,,VEGAN,AVOCADO,VEGETABLES
BANANA NUT BREAD,SDH,177,DINING HALL,,EGGS,MILK,TREE NUTS,WHEAT,,,,,,,BREAD,BANANA,BANANA
BANANA SPLIT ICE CREAM,SDH,244,DINING HALL,,MILK,SOY,,,,,,,,,ICE CREAM,BANANA,BANANA
MEATBALLS,SDH,270,DINING HALL,,MILK,SOY,WHEAT,,,,,,,,MEAT,BEEF,BEEF
MEATBALL GRINDER,SDH,411,DINING HALL,,MILK,SOY,WHEAT,,,,,,,,MEAT,BEEF,BEEF
BLUEBERRY PANCAKES,SDH,169,DINING HALL,,EGGS,MILK,SOY,WHEAT,,,,,,,PANCAKES,BLUEBERRY,BLUEBERRY
BREADED CHEESE STICKS,SDH,90,DINING HALL,,EGGS,MILK,WHEAT,,,,,,,,CHEESE,BREAD,BREAD
CAKE GERMAN CHOC 12X16 SHT,SDH,279,DINING HALL,,EGGS,MILK,SOY,TREE NUTS,WHEAT,,,,,,CHOCOLATE,BREAD,BREAD
PEANUT BUTTER AND JELLY BISMARK,SDH,372,DINING HALL,,EGGS,MILK,PEANUTS,SOY,WHEAT,,,,,,DONUT,BREAD,BREAD
SCONES CHOCOLATE CHIP NDB,SDH,691,DINING HALL,,MILK,SOY,WHEAT,,,,,,,,PASTRY,BREAD,BREAD
PITA WHEAT POCKET,SDH,162,DINING HALL,,SOY,WHEAT,,,,,,,,,PITA,BREAD,BREAD
STEAMED BROCCOLI CUTS,SDH,31,DINING HALL,,,,,,,,,,,,VEGETABLES,VEGETABLES,VEGETABLES
STRAWBERRY ICED CAKE DONUT,SDH,254,DINING HALL,,EGGS,MILK,SOY,WHEAT,,,,,,,DONUTS,CAKE,CAKE
PIZZA CASSEROLE,SDH,415,DINING HALL,,EGGS,MILK,WHEAT,,,,,,,,PIZZA,CASSEROLE,CASSEROLE
SDH CREAMY GEMELLI PASTA AND CHEDDAR SALAD,SDH,396,DINING HALL,,EGGS,MILK,SOY,WHEAT,,,,,,,PASTA,CHEESE,CHEESE
CHEESE PIZZA,SDH,185,DINING HALL,,MILK,SOY,WHEAT,,,,,,,,PIZZA,CHEESE,CHEESE
GRILLED CHEESE ON WHITE,SDH,349,DINING HALL,,MILK,SOY,WHEAT,,,,,,,,GRILLED CHEESE,CHEESE,BREAD
PENNE WITH GORGONZOLA,SDH,515,DINING HALL,,MILK,WHEAT,,,,,,,,,PASTA,CHEESE,CHEESE
JALAPENO CHEESE TORTILLA,SDH,290,DINING HALL,,WHEAT,,,,,,,,,,TORTILLA,CHEESE,CHEESE
CHERRY NUT ICE CREAM,NDH,244,DINING HALL,,MILK,PEANUTS,SOY,,,,,,,,ICE CREAM,CHERRY,NUTS
BONELESS WING STATION,SDH,800,DINING HALL,,EGGS,MILK,SOY,WHEAT,,,,,,,WINGS,CHICKEN,MEAT
SHRIMP AND CHICKEN GUMBO,SDH,116,DINING HALL,,MILK,SHELLFISH,SOY,WHEAT,,,,,,,SEAFOOD,CHICKEN,MEAT
SOUTHERN STYLE CHICKEN SLIDER,SDH,490,DINING HALL,,MILK,WHEAT,,,,,,,,,BURGER,CHICKEN,MEAT
GENERAL TSO'S CHICKEN,SDH,160,DINING HALL,,EGGS,SOY,WHEAT,,,,,,,,CHICKEN,CHINESE,CHINESE
PANCAKES BANANA WHITE CHOCOLATE,SDH,161,DINING HALL,,EGGS,MILK,SOY,WHEAT,,,,,,,PANCAKES,CHOCOLATE,CHOCOLATE
CHOCOLATE CHUNK COOKIES,SDH,177,DINING HALL,,EGGS,MILK,SOY,WHEAT,,,,,,,COOKIES,CHOCOLATE,CHOCOLATE
GLAZED CHOCOLATE DONUT,SDH,252,DINING HALL,,EGGS,MILK,SOY,WHEAT,,,,,,,DONUT,CHOCOLATE,CHOCOLATE
COOKIE WHT CHOC MACADAMIA,SDH,299,DINING HALL,,EGGS,MILK,SOY,TREE NUTS,WHEAT,,,,,,COOKIE,CHOCOLATE,CHOCOLATE
CREAM-FILLED LONGJOHN W/ CHOCOLATE,SDH,579,DINING HALL,,EGGS,MILK,SOY,WHEAT,,,,,,,DONUT,CHOCOLATE,CHOCOLATE
CHOCOLATE ICE CREAM,SDH,227,DINING HALL,,MILK,PEANUTS,SOY,,,,,,,,ICE CREAM,CHOCOLATE,CHOCOLATE
DOUBLE DUTCH CHOCOLATE NON-FAT YOGURT,SDH,129,DINING HALL,,MILK,,,,,,,,,,YOGURT,CHOCOLATE,CHOCOLATE
COCONUT CAKE DONUT,SDH,227,DINING HALL,,EGGS,MILK,SOY,TREE NUTS,WHEAT,,,,,,DONUT,COCONUT,CAKE
MONSTER PEANUT BUTTER COOKIE,SDH,83,DINING HALL,,EGGS,MILK,PEANUTS,SOY,WHEAT,,,,,,DESSERT,COOKIE,COOKIE
CHOCOLATE  CHIP COOKIE 1.5Z,SDH,190,DINING HALL,,EGGS,MILK,SOY,WHEAT,,,,,,,CHOCOLATE,COOKIE,COOKIE
OREO COOKIES,SDH,100,DINING HALL,,MILK,PEANUTS,SOY,,,,,,,,OREO,COOKIE,COOKIE
CORN DOG,SDH,162,DINING HALL,,EGGS,SOY,WHEAT,,,,,,,,PORK,CORNDOG,CORNDOG
CHIPS CORN FRITO CHILI CHEESE,SDH,202,DINING HALL,,MILK,,,,,,,,,,CHIPS,CORNDOG,CHEESE
HELLO DOLLY BAR WITH WALNUTS,SDH,339,DINING HALL,,MILK,PEANUTS,SOY,TREE NUTS,WHEAT,,,,,,GRAHAM CRACKER,CRACKER,CRACKER
CREPE,SDH,74,DINING HALL,,,,,,,,,,,,SWEDISH,CREPE,PANCAKE
CURRIED VEGETABLE RICE PILAF,SDH,353,DINING HALL,,SOY,,,,,,,,,,VEGETABLES,CURRY,RICE
OATMEAL RAISIN COOKIE,SDH,170,DINING HALL,,EGGS,SOY,WHEAT,,,,,,,,COOKIE,DESSERT,DESSERT
ORANGE SHERBET,SDH,145,DINING HALL,,MILK,,,,,,,,,,ICE CREAM,DESSERT,DESSERT
ROASTED GARLIC HUMMUS,SDH,73,DINING HALL,,SOY,,,,,,,,,,HUMMUS,DIP,DIP
CUSTARD-FILLED LONGJOHN WITH CHOC ICING,SDH,457,DINING HALL,,EGGS,MILK,SOY,WHEAT,,,,,,,CHOCOLATE,DONUT,DONUT
BAKED LEMON THYME SALMON,SDH,220,DINING HALL,,EGGS,FISH,MILK,WHEAT,,,,,,,SEAFOOD,FISH,FISH
SDH EVERYDAY BURGER BAR,SDH,563,DINING HALL,,SOY,WHEAT,,,,,,,,,BURGER,HAMBURGER,BEEF
FLORIDA LEMON GLAZED CAKE DONUT,SDH,301,DINING HALL,,EGGS,MILK,SOY,WHEAT,,,,,,,DONUTS,LEMON,LEMON
FLORIDA LEMON CAKE,SDH,355,DINING HALL,,EGGS,MILK,SOY,WHEAT,,,,,,,CAKE,LEMON,LEMON
LO MEIN NOODLES,SDH,78,DINING HALL,,SOY,WHEAT,,,,,,,,,ASIAN,LO MEIN,NOODLES
MAPLE ICED CAKE DONUT,SDH,254,DINING HALL,,EGGS,MILK,SOY,WHEAT,,,,,,,DONUTS,MAPLE,MAPLE
BOURBON MOLASSES CHICKEN,SDH,167,DINING HALL,,FISH,MILK,SOY,,,,,,,,CHICKEN,MEAT,MEAT
BOOM BOOM CHICKEN SALAD,SDH,797,DINING HALL,,EGGS,MILK,SOY,WHEAT,,,,,,,CHICKEN,MEAT,GREENS
CHIX TCHOUPITOULAS,SDH,72,DINING HALL,,MILK,SOY,WHEAT,,,,,,,,CHICKEN,MEAT,MEAT
BAJA CHICKEN ENCHILADA SOUP,SDH,116,DINING HALL,,MILK,SOY,,,,,,,,,CHICKEN,MEAT,SOUP
CHICKEN MARSALA,SDH,158,DINING HALL,,MILK,SOY,WHEAT,,,,,,,,CHICKEN,MEAT,MEAT
BEEF GOULASH,SDH,236,DINING HALL,,MILK,SOY,WHEAT,,,,,,,,BEEF,MEAT,MEAT
CHIX DRUMMETTE FC BRD W/HONEY BRAKEBUSH,SDH,381,DINING HALL,,EGGS,SOY,WHEAT,,,,,,,,CHICKEN,MEAT,MEAT
BRAISED BEEF SHORT RIBS,SDH,574,DINING HALL,,MILK,SOY,WHEAT,,,,,,,,BEEF,MEAT,MEAT
HONEY ROSEMARY CHICKEN,SDH,77,DINING HALL,,,,,,,,,,,,CHICKEN,MEAT,MEAT
CHICKEN CREOLE,SDH,106,DINING HALL,,MILK,,,,,,,,,,CHICKEN,MEAT,MEAT
SAUSAGE LINKS,SDH,120,DINING HALL,,,,,,,,,,,,PORK,MEAT,MEAT
PORK LOIN WITH APPLES,SDH,123,DINING HALL,,,,,,,,,,,,PORK,MEAT,MEAT
CHAR-GRILLED CHICKEN BREAST,SDH,133,DINING HALL,,,,,,,,,,,,CHICKEN,MEAT,MEAT
BROCCOLI AND BACON SALAD,SDH,211,DINING HALL,,EGGS,,,,,,,,,,VEGETABLES,MEAT,PORK
BEEF MUSHROOM BURGER,SDH,230,DINING HALL,,,,,,,,,,,,BEEF,MEAT,BURGER
PIRI PIRI CHICKEN BREAST,SDH,616,DINING HALL,,,,,,,,,,,,CHICKEN,MEAT,MEAT
GRAPE NUTS,SDH,253,DINING HALL,,WHEAT,,,,,,,,,,GRAPE,NUTS,NUTS
KALAMATA OLIVE HUMMUS,SDH,78,DINING HALL,,MILK,SOY,,,,,,,,,DIP,OLIVE,HUMMUS
CARAMELIZED ONIONS,SDH,36,DINING HALL,,MILK,,,,,,,,,,VEGETABLES,ONIONS,ONIONS
MEAT LASAGNA,SDH,457,DINING HALL,,EGGS,MILK,WHEAT,,,,,,,,MEAT,PASTA,ITALIAN
SHRIMP SPAGHETTI,SDH,228,DINING HALL,,MILK,SHELLFISH,WHEAT,,,,,,,,SEAFOOD,PASTA,PASTA
MACARONI AND CHEESE,SDH,259,DINING HALL,,MILK,SOY,WHEAT,,,,,,,,NOODLES,PASTA,PASTA
BACON POBLANO MAC AND CHEESE,SDH,304,DINING HALL,,MILK,WHEAT,,,,,,,,,NOODLES,PASTA,PASTA
SCONES CINNAMON,SDH,419,DINING HALL,,MILK,WHEAT,,,,,,,,,BREAD,PASTRY,PASTRY
CHERRY ALMOND SCONES,SDH,430,DINING HALL,,MILK,WHEAT,,,,,,,,,BREAD,PASTRY,PASTRY
PEANUT BUTTER CUP COOKIE,SDH,185,DINING HALL,,EGGS,MILK,PEANUTS,SOY,WHEAT,,,,,,COOKIE,PEANUT BUTTER,PEANUT BUTTER
JULIENNED  GREEN PEPPERS,SDH,36,DINING HALL,,,,,,,,,,,,VEGETABLES,PEPEPRS,PEPEPRS
PEPPERONI PIZZA,SDH,162,DINING HALL,,MILK,WHEAT,,,,,,,,,PIZZA,PEPPERONI,PEPPERONI
PINEAPPLE FRIED RICE WITH SHRIMP,SDH,191,DINING HALL,,FISH,SHELLFISH,SOY,,,,,,,,RICE,PINEAPPLE,SHRIMP
ORANGE PINEAPPLE SALAD,SDH,77,DINING HALL,,TREE NUTS,,,,,,,,,,FRUIT,PINEAPPLE,PINEAPPLE
BEAN SOUP WITH HAM,SDH,158,DINING HALL,,FISH,SOY,WHEAT,,,,,,,,MEAT,PORK,PORK
PUMPKIN PIE,SDH,288,DINING HALL,,EGGS,MILK,SOY,WHEAT,,,,,,,PIE,PUMPKIN,PUMPKIN
ROAST PORK FRIED RICE,SDH,214,DINING HALL,,SHELLFISH,SOY,WHEAT,,,,,,,,MEAT,RICE,ASIAN
RISOTTO BARLEY ROOT VEGETABLES,SDH,353,DINING HALL,,MILK,SOY,WHEAT,,,,,,,,RISOTTO,RICE,VEGETABLES
INDIAN BEANS AND RICE,SDH,234,DINING HALL,,,,,,,,,,,,BEANS,RICE,RICE
BALTIMOREAN BEANS AND RICE,SDH,253,DINING HALL,,SOY,,,,,,,,,,BEANS,RICE,RICE
CINNAMON ROLL,SDH,130,DINING HALL,,MILK,SOY,WHEAT,,,,,,,,BREAD,ROLL,ROLL
VEGETABLE EGG ROLL,SDH,117,DINING HALL,,SOY,WHEAT,,,,,,,,,ASIAN,ROLL,ROLL
RYE LIGHT,SDH,100,DINING HALL,,SOY,WHEAT,,,,,,,,,BREAD,RYE,RYE
SOUTHWEST SALAD,SDH,491,DINING HALL,,EGGS,MILK,SOY,WHEAT,,,,,,,MEAT,SALAD,SOUTH
WHITE CHICKEN SALAD,SDH,238,DINING HALL,,FISH,SOY,,,,,,,,,CHICKEN,SALAD,SALAD
FRIED CATFISH,SDH,252,DINING HALL,,EGGS,FISH,SOY,WHEAT,,,,,,,FISH,SEAFOOD,SEAFOOD
TILAPIA A LA MEUNIERE,SDH,263,DINING HALL,,EGGS,FISH,MILK,WHEAT,,,,,,,FISH,SEAFOOD,SEAFOOD
BAKED TILAPIA W/HORSERADISH SAUCE,SDH,319,DINING HALL,,EGGS,FISH,MILK,,,,,,,,FISH,SEAFOOD,SEAFOOD
FISH AND CHIPS BASKET,SDH,597,DINING HALL,,EGGS,FISH,MILK,SOY,WHEAT,,,,,,FISH,SEAFOOD,POTATOES
PESTO SALMON,SDH,196,DINING HALL,,FISH,MILK,,,,,,,,,FISH,SEAFOOD,SEAFOOD
SCALLOPED CORN CASSEROLE,SDH,256,DINING HALL,,EGGS,MILK,SOY,WHEAT,,,,,,,CASSEROLE,SEAFOOD,SCALLOPS
LEMON GRILLED SALMON,SDH,132,DINING HALL,,FISH,,,,,,,,,,FISH,SEAFOOD,SEAFOOD
GRILLED SALMON WITH SALSA VERDE,SDH,164,DINING HALL,,FISH,,,,,,,,,,FISH,SEAFOOD,SEAFOOD
ROASTED COD TAPENADE,SDH,186,DINING HALL,,FISH,,,,,,,,,,FISH,SEAFOOD,SEAFOOD
SHAMROCK PIE,SDH,366,DINING HALL,,MILK,SOY,TREE NUTS,WHEAT,,,,,,,PIE,SHAMROCK,SHAMROCK
SHRIMP,SDH,34,DINING HALL,,,,,,,,,,,,SEAFOOD,SHRIMP,SHRIMP
SHRIMP SMALL,SDH,34,DINING HALL,,SHELLFISH,,,,,,,,,,SEAFOOD,SHRIMP,SHRIMP
SPICY SQUASH SOUP,SDH,162,DINING HALL,,MILK,SOY,,,,,,,,,VEGETABLES,SOUP,SOUP
THIN SPAGHETTI,SDH,78,DINING HALL,,WHEAT,,,,,,,,,,PASTA,SPAGHETTI,SPAGHETTI
THAI SPRING ROLLS,SDH,37,DINING HALL,,SOY,WHEAT,,,,,,,,,ASIAN,SPRING ROLL,SPRING ROLL
BUTTERNUT SQUASH RAVIOLI W/SAGE BUTTER,SDH,111,DINING HALL,,EGGS,MILK,SOY,WHEAT,,,,,,,PASTA,SQUASH,SQUASH
SZECHUAN ORIENTAL VEGETABLE STIR-FRY,SDH,279,DINING HALL,,SOY,,,,,,,,,,ASIAN,STIR,FRY
TRI-COLOR TORTELLINI,SDH,225,DINING HALL,,EGGS,MILK,WHEAT,,,,,,,,PASTA,TORTELLINI,TORTELLINI
FRENCH VANILLA NON-FAT YOGURT,SDH,129,DINING HALL,,MILK,,,,,,,,,,YOGURT,VANILLA,VANILLA
VANILLA ICE CREAM,SDH,244,DINING HALL,,MILK,,,,,,,,,,ICE CREAM,VANILLA,VANILLA
MALIBU VEGAN GARDENBURGER,SDH,169,DINING HALL,,SOY,WHEAT,,,,,,,,,BURGER,VEGAN,VEGAN
MAPLE SYUP MASHED SWEET POTATOES,SDH,153,DINING HALL,,MILK,SOY,,,,,,,,,POTATOES,VEGETABLES,VEGETABLES
ANTIPASTO SALAD,SDH,238,DINING HALL,,MILK,SOY,,,,,,,,,SALAD,VEGETABLES,VEGETABLES
COCONUT BUTTERNUT SQUASH WITH NOODLES,SDH,85,DINING HALL,,SOY,TREE NUTS,WHEAT,,,,,,,,NOODLES,VEGETABLES,VEGETABLES
BAKED SWEET POTATO,NDH,110,DINING HALL,,MILK,TREE NUTS,,,,,,,,,POTATOES,VEGETABLES,VEGETABLES
WINTER VEGETABLE STEW,SDH,94,DINING HALL,,SOY,WHEAT,,,,,,,,,STEW,VEGETABLES,VEGETABLES
LENTIL AND BARLEY STEW,SDH,125,DINING HALL,,SOY,WHEAT,,,,,,,,,STEW,VEGETABLES,VEGETABLES
FRIED ONION RINGS,SDH,168,DINING HALL,,MILK,WHEAT,,,,,,,,,ONIONS,VEGETABLES,RINGS
STEAMED WHOLE GREEN BEANS,SDH,30,DINING HALL,,,,,,,,,,,,VEGETABLES,VEGETABLES,VEGETABLES
BUTTERNUT SQUASH AND APPLE CHUTNEY,SDH,31,DINING HALL,,SOY,,,,,,,,,,VEGETABLES,VEGETABLES,VEGETABLES
HEARTY VEGETABLE SOUP,SDH,73,DINING HALL,,SOY,,,,,,,,,,SOUP,VEGETABLES,VEGETABLES
RICE BROWN PILAF VEGAN CRAN ALMONDS-SDH,SDH,139,DINING HALL,,TREE NUTS,,,,,,,,,,RICE,VEGETABLES,VEGETABLES
FRESH MASHED POTATOES,SDH,169,DINING HALL,,MILK,,,,,,,,,,POTATOES,VEGETABLES,VEGETABLES
SAUSAGE AND PEPPERS,SDH,232,DINING HALL,,WHEAT,,,,,,,,,,PORK,VEGETABLES,VEGETABLES
HONEY WHEAT WRAP,SDH,283,DINING HALL,,SOY,WHEAT,,,,,,,,,WRAP,WHEAT,BREAD
YOGURT LOW FAT PLAIN SWEETENED,SDH,184,DINING HALL,,MILK,,,,,,,,,,DAIRY,YOGURT,YOGURT
SAUTEED ZUCCHINI AND YELLOW SQUASH,SDH,30,DINING HALL,,,,,,,,,,,,VEGETABLES,ZUCCHINI,SQUASH
SCALLOPS,SDH,31,DINING HALL,,EGGS,FISH,SHELLFISH,SOY,WHEAT,,,,,,SEAFOOD,SEAFOOD,SEAFOOD
THAI FRIED RICE,SDH,155,DINING HALL,,EGGS,FISH,SHELLFISH,WHEAT,,,,,,,ASIAN,ASIAN,ASIAN
CHOCOLATE CHIP MUFFIN,SDH,411,DINING HALL,,EGGS,FISH,MILK,SOY,WHEAT,,,,,,BREAD,BREAD,BREAD
POWDERED SUGAR DONUT HOLES,SDH,77,DINING HALL,,EGGS,MILK,SOY,WHEAT,,,,,,,DONUTS,DONUTS,DONUTS
WHITE DINNER ROLLS,SDH,101,DINING HALL,,EGGS,MILK,WHEAT,,,,,,,,BREAD,BREAD,BREAD
BEER BATTERED COD,SDH,105,DINING HALL,,FISH,MILK,SOY,WHEAT,,,,,,,FISH,FISH,FISH
CHICKEN IN THE POT,SDH,132,DINING HALL,,EGGS,MILK,SOY,WHEAT,,,,,,,CHICKEN,CHICKEN,CHICKEN
CRAN-ORANGE BREAD,SDH,142,DINING HALL,,EGGS,MILK,SOY,WHEAT,,,,,,,BREAD,BREAD,BREAD
BUTTERMILK PANCAKES,SDH,165,DINING HALL,,EGGS,MILK,SOY,WHEAT,,,,,,,PANCAKES,PANCAKES,PANCAKES
SNICKERDOODLE COOKIE,SDH,180,DINING HALL,,EGGS,MILK,SOY,WHEAT,,,,,,,COOKIES,COOKIES,COOKIES
CORNBREAD MUFFINS,SDH,187,DINING HALL,,EGGS,MILK,WHEAT,,,,,,,,BREAD,BREAD,BREAD
MANDM COOKIES,SDH,190,DINING HALL,,EGGS,MILK,PEANUTS,SOY,WHEAT,,,,,,COOKIES,COOKIES,COOKIES
SUGAR COOKIE,SDH,190,DINING HALL,,EGGS,MILK,SOY,WHEAT,,,,,,,COOKIES,COOKIES,COOKIES
TRIPLE CHOCOLATE COOKIE,SDH,190,DINING HALL,,EGGS,MILK,SOY,WHEAT,,,,,,,COOKIES,COOKIES,COOKIES
BAKERS CHOICE COOKIE,SDH,192,DINING HALL,,EGGS,MILK,PEANUTS,SOY,WHEAT,,,,,,COOKIE,COOKIE,COOKIE
REESE'S PIECES COOKIE,SDH,200,DINING HALL,,EGGS,MILK,PEANUTS,SOY,WHEAT,,,,,,COOKIES,COOKIES,COOKIES
CINNAMON SUGAR CAKE DONUT,SDH,216,DINING HALL,,EGGS,MILK,SOY,WHEAT,,,,,,,BREAD,BREAD,BREAD
CHOCOLATE ICED CAKE DONUT,SDH,217,DINING HALL,,EGGS,MILK,SOY,WHEAT,,,,,,,BREAD,BREAD,BREAD
BUTTERED NOODLES,SDH,218,DINING HALL,,EGGS,MILK,WHEAT,,,,,,,,NOODLES,NOODLES,NOODLES
PEANUT BUTTER COOKIE,SDH,221,DINING HALL,,EGGS,MILK,PEANUTS,SOY,WHEAT,,,,,,PEANUT BUTTER,PEANUT BUTTER,PEANUT BUTTER
PENNE WITH  ZUCHINNI HERBS LEMON ZEST,SDH,254,DINING HALL,,EGGS,MILK,WHEAT,,,,,,,,PASTA,PASTA,PASTA
APPLE FRITTER,SDH,262,DINING HALL,,EGGS,MILK,SOY,WHEAT,,,,,,,BREAD,BREAD,BREAD
FROZEN YOGURT AND ICE CREAM BAR,SDH,262,DINING HALL,,EGGS,MILK,SOY,WHEAT,,,,,,,YOGURT,YOGURT,YOGURT
SUNSHINE FRENCH TOAST,SDH,262,DINING HALL,,EGGS,MILK,SOY,WHEAT,,,,,,,BREAD,BREAD,BREAD
WALNUT BROWNIE WITH CHOC ICING,SDH,270,DINING HALL,,EGGS,MILK,SOY,TREE NUTS,WHEAT,,,,,,CHOCOLATE,CHOCOLATE,CHOCOLATE
GLAZED DONUT,SDH,276,DINING HALL,,EGGS,MILK,SOY,WHEAT,,,,,,,DONUTS,DONUTS,DONUTS
MEATLOAF,SDH,278,DINING HALL,,EGGS,MILK,SOY,WHEAT,,,,,,,MEAT,MEAT,MEAT
SUPER BREAKFAST PIZZERIA PIZZA,SDH,282,DINING HALL,,EGGS,MILK,SOY,WHEAT,,,,,,,PIZZA,PIZZA,PIZZA
INDIVIDUAL NY CHEESECAKE,SDH,285,DINING HALL,,EGGS,MILK,PEANUTS,SOY,WHEAT,,,,,,CAKE,CAKE,CAKE
PENNE WITH WINTER PESTO AND PINE NUT,SDH,288,DINING HALL,,EGGS,MILK,TREE NUTS,WHEAT,,,,,,,PASTA,PASTA,PASTA
S'MORE BARS,SDH,298,DINING HALL,,EGGS,MILK,PEANUTS,SOY,TREE NUTS,WHEAT,,,,,SMORES,SMORES,SMORES
GLAZED TWIST DONUT,SDH,304,DINING HALL,,EGGS,MILK,SOY,WHEAT,,,,,,,DONUTS,DONUTS,DONUTS
PULLED PORK POTATO SKINS,SDH,304,DINING HALL,,EGGS,MILK,SOY,,,,,,,,POTATOES,POTATOES,POTATOES
BROWNIE NO NUTS,SDH,307,DINING HALL,,EGGS,MILK,SOY,WHEAT,,,,,,,BROWNIE,BROWNIE,BROWNIE
CORNBREAD,SDH,330,DINING HALL,,EGGS,MILK,WHEAT,,,,,,,,BREAD,BREAD,BREAD
SAUSAGE AND SUN-DRIED TOMATO STRATA,SDH,359,DINING HALL,,EGGS,MILK,SOY,WHEAT,,,,,,,MEAT,MEAT,MEAT
ELI'S BREAKFAST SANDWICH,SDH,360,DINING HALL,,EGGS,MILK,SOY,WHEAT,,,,,,,MEAT,MEAT,MEAT
JALAPENO CHEDDAR CORNBREAD,SDH,360,DINING HALL,,EGGS,MILK,SOY,WHEAT,,,,,,,BREAD,BREAD,BREAD
CRACKLIN OAT BRAN,SDH,363,DINING HALL,,SOY,MILK,TREE NUTS,WHEAT,,,,,,,CEREAL,CEREAL,CEREAL
RAISIN BRAN MUFFIN,SDH,376,DINING HALL,,EGGS,MILK,SOY,WHEAT,,,,,,,BREAD,BREAD,BREAD
VEGAN IMPOSSIBLE SLIDERS,SDH,378,DINING HALL,,EGGS,MILK,SOY,WHEAT,,,,,,,BURGER,BURGER,BURGER
LINGUINE CARBONARA,SDH,384,DINING HALL,,EGGS,MILK,WHEAT,,,,,,,,PASTA,PASTA,PASTA
DESSERT BAR BLONDIE TOFFEE CRUNCH,SDH,387,DINING HALL,,EGGS,MILK,TREE NUTS,WHEAT,,,,,,,BROWNIE,BROWNIE,BROWNIE
FRENCH TOAST CASSEROLE,SDH,388,DINING HALL,,EGGS,MILK,SOY,WHEAT,,,,,,,BREAD,BREAD,BREAD
NY STYLE CHEESECAKE,SDH,404,DINING HALL,,EGGS,MILK,SOY,WHEAT,,,,,,,CAKE,CAKE,CAKE
BUFFALO CHICKEN SALAD,SDH,427,DINING HALL,,EGGS,MILK,WHEAT,,,,,,,,MEAT,MEAT,MEAT
BLUEBERRY MUFFIN,SDH,431,DINING HALL,,EGGS,MILK,SOY,WHEAT,,,,,,,BREAD,BREAD,BREAD
PORT A PIT BBQ CHICKEN,SDH,434,DINING HALL,,FISH,MILK,SOY,,,,,,,,MEAT,MEAT,MEAT
EGG AND CHEESE BISCUIT,SDH,439,DINING HALL,,EGGS,MILK,SOY,WHEAT,,,,,,,EGGS,EGGS,EGGS
LEMON POPPYSEED MUFFIN,SDH,439,DINING HALL,,EGGS,MILK,SOY,WHEAT,,,,,,,BREAD,BREAD,BREAD
REESE PEANUT BUTTER CUP CHEESECAKE,SDH,458,DINING HALL,,EGGS,MILK,PEANUTS,SOY,WHEAT,,,,,,CAKE,CAKE,CAKE
TURTLE CHEESECAKE WITH PECANS,SDH,461,DINING HALL,,EGGS,MILK,PEANUTS,SOY,TREE NUTS,WHEAT,,,,,CAKE,CAKE,CAKE
BUTTER RUM MUFFIN,SDH,464,DINING HALL,,EGGS,MILK,SOY,WHEAT,,,,,,,BREAD,BREAD,BREAD
BELGIAN WAFFLES,SDH,469,DINING HALL,,EGGS,MILK,SOY,WHEAT,,,,,,,WAFFLES,WAFFLES,WAFFLES
CHOCOLATE CHIP CHEESECAKE,SDH,553,DINING HALL,,EGGS,MILK,PEANUTS,SOY,WHEAT,,,,,,CAKE,CAKE,CAKE
SNICKERS CHEESECAKE,SDH,564,DINING HALL,,EGGS,MILK,PEANUTS,SOY,TREE NUTS,WHEAT,,,,,CAKE,CAKE,CAKE
HOUSE FRIED RICE,SDH,176,DINING HALL,,EGGS,SHELLFISH,SOY,,,,,,,,RICE,RICE,RICE
STEAMED PEAS,SDH,84,DINING HALL,,MILK,SOY,WHEAT,,,,,,,,VEGETABLES,VEGETABLES,VEGETABLES
FRIED EGGS,SDH,96,DINING HALL,,EGGS,SOY,,,,,,,,,EGGS,EGGS,EGGS
BROCCOLI AND BABY CARROTS IN BUTTER SAUCE,SDH,98,DINING HALL,,MILK,SOY,WHEAT,,,,,,,,VEGETABLES,VEGETABLES,VEGETABLES
CONFETTI RISOTTO,SDH,99,DINING HALL,,MILK,SOY,,,,,,,,,RICE,RICE,RICE
HILDA'S MEXICAN RICE,SDH,103,DINING HALL,,MILK,SOY,,,,,,,,,RICE,RICE,RICE
SMOKED PORK COLLARD GREENS,SDH,104,DINING HALL,,MILK,SOY,WHEAT,,,,,,,,VEGETABLES,VEGETABLES,VEGETABLES
HERB ROASTED RED-SKIN POTATOES,SDH,120,DINING HALL,,MILK,SOY,,,,,,,,,VEGETABLES,VEGETABLES,VEGETABLES
MEXICAN TOPPINGS BAR,SDH,124,DINING HALL,,MILK,SOY,,,,,,,,,MEXICAN,MEXICAN,MEXICAN
CHEESY HASH BROWNS,SDH,137,DINING HALL,,MILK,SOY,,,,,,,,,POTATOES,POTATOES,POTATOES
GNOCCHI KALE AND ROASTED BUTTERNUT SQUASH,SDH,144,DINING HALL,,EGGS,SOY,WHEAT,,,,,,,,VEGETABLES,VEGETABLES,VEGETABLES
WHIPPED POTATOES,SDH,146,DINING HALL,,MILK,SOY,,,,,,,,,POTATOES,POTATOES,POTATOES
RICE KRISPIES BAR,SDH,149,DINING HALL,,MILK,SOY,,,,,,,,,DESSERT,DESSERT,DESSERT
CHEESY BROCCOLI SOUP,SDH,150,DINING HALL,,MILK,SOY,WHEAT,,,,,,,,SOUP,SOUP,SOUP
EGGS BENEDICT,SDH,164,DINING HALL,,EGGS,SOY,WHEAT,,,,,,,,EGGS,EGGS,EGGS
SWEET YEAST ROLL,SDH,164,DINING HALL,,MILK,SOY,WHEAT,,,,,,,,BREAD,BREAD,BREAD
CREAMY TOMATO  SOUP,SDH,170,DINING HALL,,MILK,SOY,WHEAT,,,,,,,,SOUP,SOUP,SOUP
TURKEY POT ROAST,SDH,173,DINING HALL,,MILK,SOY,WHEAT,,,,,,,,TURKEY,TURKEY,TURKEY
GINGERSNAP COOKIES,SDH,180,DINING HALL,,EGGS,SOY,WHEAT,,,,,,,,COOKIES,COOKIES,COOKIES
SCRAMBLED EGGS,SDH,182,DINING HALL,,EGGS,SOY,,,,,,,,,EGGS,EGGS,EGGS
SUPREME PIZZA,SDH,185,DINING HALL,,MILK,SOY,WHEAT,,,,,,,,PIZZA,PIZZA,PIZZA
INDIVIDUAL OMELET,SDH,201,DINING HALL,,EGGS,SOY,,,,,,,,,EGGS,EGGS,EGGS
BAKED BUTTERMILK BISCUITS,SDH,241,DINING HALL,,MILK,SOY,WHEAT,,,,,,,,BREAD,BREAD,BREAD
QUAKER OAT SQUARES,SDH,273,DINING HALL,,MILK,SOY,WHEAT,,,,,,,,OATS,OATS,OATS
BEEF POT ROAST WITH VEGETABLES,SDH,296,DINING HALL,,MILK,SOY,,,,,,,,,MEAT,MEAT,MEAT
ROLLED WESTERN OMELET,SDH,302,DINING HALL,,EGGS,SOY,,,,,,,,,EGGS,EGGS,EGGS
AMISH COUNTRY-FRIED CHICKEN,SDH,356,DINING HALL,,EGGS,SOY,WHEAT,,,,,,,,MEAT,MEAT,MEAT
CORNED BEEF HASH,SDH,374,DINING HALL,,EGGS,SOY,,,,,,,,,MEAT,MEAT,MEAT
COMPANY POTATOES,SDH,399,DINING HALL,,MILK,SOY,WHEAT,,,,,,,,VEGETABLES,VEGETABLES,VEGETABLES
GARLIC CHICKEN WITH ORZO AND ZUCCHINI,SDH,457,DINING HALL,,MILK,SOY,WHEAT,,,,,,,,MEAT,MEAT,MEAT
MASHED BUTTER PECAN SWEET POTATOES,SDH,193,DINING HALL,,MILK,TREE NUTS,,,,,,,,,VEGETABLES,VEGETABLES,VEGETABLES
BUNNY TRACKS,SDH,280,DINING HALL,,MILK,TREE NUTS,,,,,,,,,ICE CREAM,ICE CREAM,ICE CREAM
RICE BROWN PILAF WITH ALMONDS-SDH,SDH,311,DINING HALL,,SOY,TREE NUTS,,,,,,,,,RICE,RICE,RICE
GRANOLA RAISIN LF,SDH,366,DINING HALL,,MILK,TREE NUTS,WHEAT,,,,,,,,CEREAL,CEREAL,CEREAL
ROLL TUSCAN ROUND,SDH,71,DINING HALL,,MILK,WHEAT,,,,,,,,,BREAD,BREAD,BREAD
NATURAL OVENS 100% WHOLE GRAIN,SDH,85,DINING HALL,,SOY,WHEAT,,,,,,,,,CEREAL,CEREAL,CEREAL
NATURAL OVENS HEALTHMAX/MULTIGRAIN,SDH,85,DINING HALL,,SOY,WHEAT,,,,,,,,,CEREAL,CEREAL,CEREAL
SHRIMP BATTERED REDHOOK,SDH,86,DINING HALL,,SHELLFISH,WHEAT,,,,,,,,,SEAFOOD,SEAFOOD,SEAFOOD
WHEAT MOSTACCIOLI,SDH,86,DINING HALL,,EGGS,WHEAT,,,,,,,,,PASTA,PASTA,PASTA
FLOUR TORTILLA,SDH,87,DINING HALL,,SOY,WHEAT,,,,,,,,,TORTILLA,TORTILLA,TORTILLA
BROCCOLI TOFU,SDH,111,DINING HALL,,SOY,WHEAT,,,,,,,,,VEGETABLES,VEGETABLES,VEGETABLES
CABBAGE KIELBASA AND RED POTATO SOUP,SDH,115,DINING HALL,,SOY,WHEAT,,,,,,,,,SOUP,SOUP,SOUP
CAJUN BUTTERED FRENCH BAGUETTE,SDH,127,DINING HALL,,MILK,WHEAT,,,,,,,,,BREAD,BREAD,BREAD
FROOT LOOPS,SDH,143,DINING HALL,,SOY,WHEAT,,,,,,,,,CEREAL,CEREAL,CEREAL
VEGETABLE PIZZA,SDH,148,DINING HALL,,MILK,WHEAT,,,,,,,,,VEGETABLES,VEGETABLES,VEGETABLES
KLUSKI NOODLES,SDH,156,DINING HALL,,EGGS,WHEAT,,,,,,,,,NOODLES,NOODLES,NOODLES
TRI-COLOR ROTINI,SDH,169,DINING HALL,,EGGS,WHEAT,,,,,,,,,PASTA,PASTA,PASTA
CAPTAIN CRUNCH,SDH,183,DINING HALL,,SOY,WHEAT,,,,,,,,,CEREAL,CEREAL,CEREAL
SPECIAL K WITH RED BERRIES,SDH,200,DINING HALL,,SOY,WHEAT,,,,,,,,,CEREAL,CEREAL,CEREAL
PITA WHITE,SDH,201,DINING HALL,,EGGS,WHEAT,,,,,,,,,BREAD,BREAD,BREAD
SHOESTRING FRENCH FRIES,SDH,202,DINING HALL,,MILK,WHEAT,,,,,,,,,POTATOES,POTATOES,POTATOES
SALAD COUSCOUS FETA MINT,SDH,207,DINING HALL,,MILK,WHEAT,,,,,,,,,VEGETABLES,VEGETABLES,VEGETABLES
EGG SALAD,SDH,213,DINING HALL,,EGGS,WHEAT,,,,,,,,,EGGS,EGGS,EGGS
FRIED OKRA,SDH,219,DINING HALL,,MILK,WHEAT,,,,,,,,,GREENS,GREENS,GREENS
BAKED OATMEAL WITH HONEY BLUEBERRIES,SDH,222,DINING HALL,,TREE NUTS,WHEAT,,,,,,,,,BREAKFAST,BREAKFAST,BREAKFAST
FROSTED FLAKES,SDH,229,DINING HALL,,MILK,WHEAT,,,,,,,,,CEREAL,CEREAL,CEREAL
LIFE CINNAMON,SDH,232,DINING HALL,,SOY,WHEAT,,,,,,,,,CEREAL,CEREAL,CEREAL
FROSTED MINI WHEATS,SDH,237,DINING HALL,,PEANUTS,WHEAT,,,,,,,,,CEREAL,CEREAL,CEREAL
CHICKEN CORDON BLEU,SDH,261,DINING HALL,,MILK,WHEAT,,,,,,,,,MEAT,MEAT,MEAT
SPINACH WRAP,SDH,274,DINING HALL,,MILK,WHEAT,,,,,,,,,VEGETABLES,VEGETABLES,VEGETABLES
GRILLED HOT DOG,SDH,345,DINING HALL,,SOY,WHEAT,,,,,,,,,HOTDOG,HOTDOG,HOTDOG
BREADED CHICKEN FILLET,SDH,372,DINING HALL,,SOY,WHEAT,,,,,,,,,MEAT,MEAT,MEAT
CHICAGO HOT DOG,SDH,372,DINING HALL,,SOY,WHEAT,,,,,,,,,MEAT,MEAT,MEAT
PORK PULLED,SDH,460,DINING HALL,,SOY,WHEAT,,,,,,,,,PORK,PORK,PORK
FRESH GREEN BEANS AND TOMATOES,SDH,31,DINING HALL,,,,,,,,,,,,VEGETABLES,VEGETABLES,VEGETABLES
ALU CHOLE,SDH,32,DINING HALL,,,,,,,,,,,,SOUP,SOUP,SOUP
VEGETABLES CAPRI BLEND,SDH,33,DINING HALL,,,,,,,,,,,,VEGETABLES,VEGETABLES,VEGETABLES
SMALL PASTA SHELLS,SDH,70,DINING HALL,,,,,,,,,,,,PASTA,PASTA,PASTA
HUMMUS WITH TAHINI,SDH,79,DINING HALL,,SOY,,,,,,,,,,DIP,DIP,DIP
PEACH SLICES,SDH,79,DINING HALL,,,,,,,,,,,,FRUIT,FRUIT,FRUIT
ROASTED RADISH AND BRUSSEL SPROUTS,SDH,80,DINING HALL,,SOY,,,,,,,,,,VEGETABLES,VEGETABLES,VEGETABLES
TRI-COLOR ROTINI,SDH,84,DINING HALL,,WHEAT,,,,,,,,,,PASTA,PASTA,PASTA
BEAN MEDLEY SALAD,SDH,85,DINING HALL,,,,,,,,,,,,SALAD,SALAD,SALAD
RICE KRISPIES,SDH,86,DINING HALL,,WHEAT,,,,,,,,,,CEREAL,CEREAL,CEREAL
CORN,SDH,88,DINING HALL,,,,,,,,,,,,VEGETABLES,VEGETABLES,VEGETABLES
CREOLE PORK LOIN,SDH,88,DINING HALL,,,,,,,,,,,,PORK,PORK,PORK
STEAMED QUINOA,SDH,88,DINING HALL,,,,,,,,,,,,VEGETABLES,VEGETABLES,VEGETABLES
SAUTEED JULIENNED VEGETABLES,SDH,90,DINING HALL,,,,,,,,,,,,VEGETABLES,VEGETABLES,VEGETABLES
COLE SLAW,SDH,91,DINING HALL,,,,,,,,,,,,VEGETABLES,VEGETABLES,VEGETABLES
CHAR-GRILLED PLUM TOMATO HALVES,SDH,92,DINING HALL,,,,,,,,,,,,VEGETABLES,VEGETABLES,VEGETABLES
GOLDEN DELICIOUS APPLES,SDH,94,DINING HALL,,,,,,,,,,,,FRUIT,FRUIT,FRUIT
GUCHUL PAN BEEF,SDH,95,DINING HALL,,SOY,,,,,,,,,,BEEF,BEEF,BEEF
HONEYDEW WEDGES,SDH,95,DINING HALL,,,,,,,,,,,,FRUIT,FRUIT,FRUIT
RYE DARK/PUMPERNICKEL,SDH,95,DINING HALL,,WHEAT,,,,,,,,,,BREAD,BREAD,BREAD
ITALIAN SAUSAGE,SDH,96,DINING HALL,,SHELLFISH,,,,,,,,,,PORK,PORK,PORK
SAUTEED SPRING VEGETABLES,SDH,96,DINING HALL,,,,,,,,,,,,VEGETABLES,VEGETABLES,VEGETABLES
ROASTED VEGETABLES,SDH,97,DINING HALL,,SOY,,,,,,,,,,VEGETABLES,VEGETABLES,VEGETABLES
WHOLE GREEN BEANS AND JULIENNED RED PEPPER,SDH,98,DINING HALL,,,,,,,,,,,,VEGETABLES,VEGETABLES,VEGETABLES
CHEF SUVIR'S ROASTED CAULIFLOWER,SDH,99,DINING HALL,,,,,,,,,,,,VEGETABLES,VEGETABLES,VEGETABLES
MOROCCAN CARROTS,SDH,99,DINING HALL,,,,,,,,,,,,VEGETABLES,VEGETABLES,VEGETABLES
SOURDOUGH BREAD,SDH,100,DINING HALL,,WHEAT,,,,,,,,,,BREAD,BREAD,BREAD
BAHN PHO TUOI RICE NOODLES,NDH,101,DINING HALL,,,,,,,,,,,,NOODLES,NOODLES,NOODLES
CARROTS AND SUGAR-SNAP PEAS,SDH,101,DINING HALL,,,,,,,,,,,,CARROTS,CARROTS,CARROTS
ROASTED ROSEMARY POTATOES,SDH,102,DINING HALL,,,,,,,,,,,,POTATO,POTATO,POTATO
SALAD THREE BEAN W/PEPPERS,SDH,102,DINING HALL,,,,,,,,,,,,VEGETABLES,VEGETABLES,VEGETABLES
VEGAN EGYPTIAN STYLE CHILI,SDH,102,DINING HALL,,SOY,,,,,,,,,,CHILI,CHILI,CHILI
PEARS,SDH,109,DINING HALL,,,,,,,,,,,,FRUIT,FRUIT,FRUIT
VEGETARIAN REFRIED BEANS,SDH,109,DINING HALL,,,,,,,,,,,,BEANS,BEANS,BEANS
TURKEY SAUSAGE PATTY,SDH,110,DINING HALL,,,,,,,,,,,,MEAT,MEAT,MEAT
MAPLE SAUSAGE LINKS,SDH,111,DINING HALL,,,,,,,,,,,,PORK,PORK,PORK
PRETZEL ROLD GOLD TINY TWISH 1Z,SDH,111,DINING HALL,,WHEAT,,,,,,,,,,PRETZEL,PRETZEL,PRETZEL
SALAD TOM BASIL COUSCOUS,SDH,111,DINING HALL,,WHEAT,,,,,,,,,,VEGETABLES,VEGETABLES,VEGETABLES
STEAMED LONG GRAIN RICE,SDH,111,DINING HALL,,,,,,,,,,,,RICE,RICE,RICE
CHEERIOS,SDH,113,DINING HALL,,WHEAT,,,,,,,,,,CEREAL,CEREAL,CEREAL
FRIED SEASONED POTATO CUBES,SDH,114,DINING HALL,,WHEAT,,,,,,,,,,VEGETABLES,VEGETABLES,VEGETABLES
BROWN RICE,SDH,115,DINING HALL,,,,,,,,,,,,RICE,RICE,RICE
CHAR-GRILLED CORN COBBETTES,SDH,116,DINING HALL,,,,,,,,,,,,VEGETABLES,VEGETABLES,VEGETABLES
GRILLED HOME FRIED RED-SKIN POTATOES,SDH,116,DINING HALL,,SOY,,,,,,,,,,VEGETABLES,VEGETABLES,VEGETABLES
POTATOES AND TOMATOES ROASTED,SDH,117,DINING HALL,,,,,,,,,,,,VEGETABLES,VEGETABLES,VEGETABLES
SQUASH BUTTERNUT ROASTED,SDH,117,DINING HALL,,,,,,,,,,,,VEGETABLES,VEGETABLES,VEGETABLES
BAKED BEANS,SDH,119,DINING HALL,,,,,,,,,,,,BEANS,BEANS,BEANS
CAULIFLOWER FLORETS ROASTED,NDH,122,DINING HALL,,,,,,,,,,,,VEGETABLES,VEGETABLES,VEGETABLES
THICK CUT FRENCH FRIES,SDH,130,DINING HALL,,,,,,,,,,,,POTATOES,POTATOES,POTATOES
KALE BEAN SOUP,SDH,132,DINING HALL,,SOY,,,,,,,,,,SOUP,SOUP,SOUP
SWEET POTATO MINI PUFFS,SDH,132,DINING HALL,,,,,,,,,,,,CEREAL,CEREAL,CEREAL
PLAIN TORTILLA CHIPS,SDH,134,DINING HALL,,SOY,,,,,,,,,,CHIPS,CHIPS,CHIPS
ALBACORE TUNA SALAD,SDH,138,DINING HALL,,,,,,,,,,,,SEAFOOD,SEAFOOD,SEAFOOD
FRESH TORTILLA CHIPS,SDH,138,DINING HALL,,WHEAT,,,,,,,,,,CHIPS,CHIPS,CHIPS
CARAMELIZED BRUSSELS SPROUTS CARROTS,SDH,139,DINING HALL,,MILK,,,,,,,,,,VEGETABLES,VEGETABLES,VEGETABLES
SMALL PASTA SHELLS,SDH,140,DINING HALL,,WHEAT,,,,,,,,,,PASTA,PASTA,PASTA
SPICED BASMATI RICE,SDH,141,DINING HALL,,,,,,,,,,,,RICE,RICE,RICE
LUCKY CHARMS,SDH,144,DINING HALL,,,,,,,,,,,,CEREAL,CEREAL,CEREAL
STEAMED BROWN RICE,SDH,148,DINING HALL,,WHEAT,,,,,,,,,,RICE,RICE,RICE
ROASTED CHAYOTE AND MUSHROOM,SDH,149,DINING HALL,,,,,,,,,,,,VEGETABLES,VEGETABLES,VEGETABLES
CHIPS LAYS KC MASTER BBQ,SDH,150,DINING HALL,,,,,,,,,,,,CHIPS,CHIPS,CHIPS
BRUSSEL SPROUTS WITH MUSHROOMS,SDH,152,DINING HALL,,SOY,,,,,,,,,,VEGETABLES,VEGETABLES,VEGETABLES
CHIP LAYS REGULAR,SDH,152,DINING HALL,,,,,,,,,,,,CHIPS,CHIPS,CHIPS
CHIP RUFFLES REGULAR,SDH,152,DINING HALL,,,,,,,,,,,,CHIPS,CHIPS,CHIPS
CRINKLE CUT FRIES,SDH,160,DINING HALL,,,,,,,,,,,,POTATOES,POTATOES,POTATOES
PEANUTS GRANULATED ROASTED,SDH,160,DINING HALL,,,,,,,,,,,,LEGUME,LEGUME,LEGUME
FALAFEL,SDH,161,DINING HALL,,,,,,,,,,,,CHICKPEA,CHICKPEA,CHICKPEA
CHIPS CORN FRITO,SDH,162,DINING HALL,,MILK,,,,,,,,,,CHIPS,CHIPS,CHIPS
TEXAS CHILI,SDH,163,DINING HALL,,,,,,,,,,,,CHILI,CHILI,CHILI
KRAVE CHOCOLATE,SDH,164,DINING HALL,,WHEAT,,,,,,,,,,CHOCOLATE,CHOCOLATE,CHOCOLATE
APPLE JACKS,SDH,165,DINING HALL,,WHEAT,,,,,,,,,,CEREAL,CEREAL,CEREAL
HONEY NUT CHEERIOS,SDH,165,DINING HALL,,SOY,,,,,,,,,,CEREAL,CEREAL,CEREAL
SLICED TOASTED ALMONDS,SDH,166,DINING HALL,,,,,,,,,,,,NUTS,NUTS,NUTS
VEGAN REFRIED BEANS,SDH,167,DINING HALL,,MILK,,,,,,,,,,VEGETABLES,VEGETABLES,VEGETABLES
WARM GRAIN SALAD,SDH,168,DINING HALL,,,,,,,,,,,,SALAD,SALAD,SALAD
CAVATAPPI PASTA,SDH,170,DINING HALL,,WHEAT,,,,,,,,,,PASTA,PASTA,PASTA
STEAMED RED QUINOA,NDH,170,DINING HALL,,,,,,,,,,,,GRAIN,GRAIN,GRAIN
LIFE CEREAL,SDH,172,DINING HALL,,,,,,,,,,,,CEREAL,CEREAL,CEREAL
RICE CHEX,SDH,172,DINING HALL,,,,,,,,,,,,CEREAL,CEREAL,CEREAL
BOURBON BAKED HAM,SDH,173,DINING HALL,,,,,,,,,,,,PORK,PORK,PORK
COCOA PUFFS,SDH,176,DINING HALL,,WHEAT,,,,,,,,,,CEREAL,CEREAL,CEREAL
GLUTEN FREE PENNE PASTA,NDH,177,DINING HALL,,,,,,,,,,,,PASTA,PASTA,PASTA
BANANAS,SDH,179,DINING HALL,,,,,,,,,,,,FRUIT,FRUIT,FRUIT
HARD COOKED EGGS,SDH,182,DINING HALL,,EGGS,,,,,,,,,,EGGS,EGGS,EGGS
REESE'S PUFFS CEREAL,SDH,182,DINING HALL,,TREE NUTS,,,,,,,,,,CEREAL,CEREAL,CEREAL
CAPTAIN CRUNCHBERRY,SDH,183,DINING HALL,,WHEAT,,,,,,,,,,CEREAL,CEREAL,CEREAL
SWEET AND SOUR CABBAGE,SDH,188,DINING HALL,,,,,,,,,,,,VEGETABLES,VEGETABLES,VEGETABLES
CHEX CHOCOLATE,NDH,190,DINING HALL,,SOY,,,,,,,,,,CEREAL,CEREAL,CEREAL
PEANUT BUTTER CREAMY,NDH,190,DINING HALL,,PEANUTS,,,,,,,,,,PEANUT BUTTER,PEANUT BUTTER,PEANUT BUTTER
STEW QUINOA (STEAMED) VEGETABLE,SDH,193,DINING HALL,,,,,,,,,,,,VEGETABLES,VEGETABLES,VEGETABLES
SLOPPY JOE,SDH,195,DINING HALL,,SOY,,,,,,,,,,BEEF,BEEF,BEEF
CHICKEN POPPERS,SDH,200,DINING HALL,,,,,,,,,,,,MEAT,MEAT,MEAT
CINNAMON TOAST CRUNCH,SDH,205,DINING HALL,,WHEAT,,,,,,,,,,CEREAL,CEREAL,CEREAL
HONEY BUNCHES OF OATS,SDH,207,DINING HALL,,WHEAT,,,,,,,,,,CEREAL,CEREAL,CEREAL
SEASONED LEMON MINT COUSCOUS,SDH,207,DINING HALL,,WHEAT,,,,,,,,,,VEGETABLES,VEGETABLES,VEGETABLES
WAFFLE FRIES,SDH,224,DINING HALL,,,,,,,,,,,,POTATOES,POTATOES,POTATOES
YOGURT LOW FAT BLUEBERRY,SDH,225,DINING HALL,,MILK,,,,,,,,,,YOGURT,YOGURT,YOGURT
YOGURT LOW FAT STRAWBERRY,SDH,227,DINING HALL,,MILK,,,,,,,,,,YOGURT,YOGURT,YOGURT
PORTABELLA FAJITA,SDH,234,DINING HALL,,WHEAT,,,,,,,,,,MUSHROOMS,MUSHROOMS,MUSHROOMS
HORSERADISH CRUSTED BEEF,SDH,239,DINING HALL,,,,,,,,,,,,MEAT,MEAT,MEAT
RAISIN BRAN,SDH,239,DINING HALL,,SOY,,,,,,,,,,CEREAL,CEREAL,CEREAL
BEEF AU POIVRE,SDH,254,DINING HALL,,MILK,,,,,,,,,,MEAT,MEAT,MEAT
BRAISED TURKEY THIGHS,SDH,261,DINING HALL,,,,,,,,,,,,MEAT,MEAT,MEAT
BBQ PULLED PORK,SDH,280,DINING HALL,,,,,,,,,,,,MEAT,MEAT,MEAT
BEEF FAJITA,SDH,308,DINING HALL,,WHEAT,,,,,,,,,,MEAT,MEAT,MEAT
CHICKEN FAJITA,SDH,315,DINING HALL,,WHEAT,,,,,,,,,,MEAT,MEAT,MEAT
SMOKED BEEF BRISKET SLICED,SDH,326,DINING HALL,,,,,,,,,,,,MEAT,MEAT,MEAT
BLACK OAK SMOKED SAUSAGE,SDH,334,DINING HALL,,SOY,,,,,,,,,,PORK,PORK,PORK
SAUSAGE KIELBASA 4:1 GFS,SDH,341,DINING HALL,,,,,,,,,,,,PORK,PORK,PORK
SHREDDED SMOKED PORK,NDH,397,DINING HALL,,,,,,,,,,,,MEAT,MEAT,MEAT
HASH BROWNS,SDH,416,DINING HALL,,SOY,,,,,,,,,,POTATOES,POTATOES,POTATOES
GENOA SALAMI,SDH,425,DINING HALL,,,,,,,,,,,,MEAT,MEAT,MEAT
ND WAFFLES,SDH,427,DINING HALL,,MILK,,,,,,,,,,WAFFLES,WAFFLES,WAFFLES
LAS CRUCES ROTISSERIE CHICKEN,SDH,456,DINING HALL,,,,,,,,,,,,MEAT,MEAT,MEAT
HARICOT VERT AND ROASTED FALL SQUASH DH,SDH,472,DINING HALL,,,,,,,,,,,,VEGETABLES,VEGETABLES,VEGETABLES
CHICKEN VESUVIO,SDH,508,DINING HALL,,MILK,,,,,,,,,,MEAT,MEAT,MEAT
NATURAL VALLEY  GRANOLA OATS AND HONEY,SDH,536,DINING HALL,,WHEAT,,,,,,,,,,CEREAL,CEREAL,CEREAL
ROAST PRIME RIB OF BEEF,SDH,673,DINING HALL,,,,,,,,,,,,MEAT,MEAT,MEAT
CLASSIC ROTISSERIE CHICKEN,SDH,856,DINING HALL,,,,,,,,,,,,MEAT,MEAT,MEAT
,,,,,,,,,,,,,,,,,